{
    "uvs":[],
    "metadata":{
        "vertices":24,
        "generator":"io_three",
        "type":"Geometry",
        "materials":5,
        "uvs":0,
        "normals":22,
        "faces":22,
        "version":3
    },
    "vertices":[1,-1,-1,1,-1,1,-1,-1,1,-1,-1,-1,1,1,-1,0.999999,1,1,-1,1,1,-1,1,-1,1,3,-1,0.999999,3,1,-1,3,-1,-1,3,1,0.999998,1,3,-1,1,3,0.999998,3,3,-1,3,3,3,3,1,3,1,1,3,3,3,3,1,3,0.999998,-1,3,0.999999,-1,1,3,-1,3,3,-1,1],
    "normals":[-5.32907e-15,-1,2.98023e-08,1,2.84217e-14,5.66244e-07,1,4.47034e-08,2.83122e-07,-2.83122e-07,-7.45059e-08,1,-1,-1.3411e-07,-2.23517e-07,2.38419e-07,1.78814e-07,-1,0,1,0,-1,-1.42109e-14,-2.08616e-07,2.5332e-07,-4.47035e-08,-1,4.76837e-07,-5.96046e-08,-1,-4.76837e-07,1.19209e-07,1,-1,-2.84217e-14,-4.76837e-07,5.68434e-14,1,-1.19209e-07,-3.01981e-14,-1,5.96046e-08,1,4.26326e-14,4.76837e-07,5.68434e-14,1,-1.19209e-07,-4.76837e-07,1.19209e-07,1,-4.76837e-07,0,1,-1.5099e-14,-1,2.98023e-08,4.76837e-07,0,-1,1,0,4.76837e-07,-1,0,-4.76837e-07],
    "faces":[35,0,1,2,3,2,0,0,0,0,35,5,4,8,9,3,1,1,1,1,35,0,4,5,1,3,2,2,2,2,35,1,5,6,2,2,3,3,3,3,35,2,6,7,3,1,4,4,4,4,35,4,0,3,7,3,5,5,5,5,35,8,10,11,9,4,6,6,6,6,35,7,6,11,10,1,7,7,7,7,35,4,7,10,8,3,8,8,8,8,35,5,9,16,17,3,9,9,9,9,35,13,12,14,15,1,10,10,10,10,35,11,6,13,15,1,11,11,11,11,35,9,11,15,14,4,12,12,12,12,35,6,5,12,13,2,13,13,13,13,35,17,16,18,19,3,14,14,14,14,35,9,14,18,16,4,15,15,15,15,35,14,12,19,18,1,16,16,16,16,35,19,12,20,22,1,17,17,17,17,35,20,21,23,22,2,18,18,18,18,35,5,17,23,21,3,19,19,19,19,35,17,19,22,23,3,20,20,20,20,35,12,5,21,20,2,21,21,21,21],
    "materials":[{
        "DbgColor":15658734,
        "visible":true,
        "opacity":1,
        "specularCoef":50,
        "shading":"phong",
        "doubleSided":false,
        "colorSpecular":[0.5,0.5,0.5],
        "DbgIndex":0,
        "colorEmissive":[0,0,0],
        "transparent":false,
        "depthTest":true,
        "blending":1,
        "DbgName":"Material",
        "depthWrite":true,
        "wireframe":false,
        "colorDiffuse":[0.64,0.64,0.64]
    },{
        "DbgColor":15597568,
        "visible":true,
        "opacity":1,
        "specularCoef":50,
        "shading":"phong",
        "doubleSided":false,
        "colorSpecular":[0.5,0.5,0.5],
        "DbgIndex":1,
        "colorEmissive":[0,0,0],
        "transparent":false,
        "depthTest":true,
        "blending":1,
        "DbgName":"Material.001",
        "depthWrite":true,
        "wireframe":false,
        "colorDiffuse":[0.0237732,0.00734588,0.8]
    },{
        "DbgColor":60928,
        "visible":true,
        "opacity":1,
        "specularCoef":50,
        "shading":"phong",
        "doubleSided":false,
        "colorSpecular":[0.5,0.5,0.5],
        "DbgIndex":2,
        "colorEmissive":[0,0,0],
        "transparent":false,
        "depthTest":true,
        "blending":1,
        "DbgName":"Material.002",
        "depthWrite":true,
        "wireframe":false,
        "colorDiffuse":[0.0211709,0.0211709,0.0211709]
    },{
        "DbgColor":238,
        "visible":true,
        "opacity":1,
        "specularCoef":50,
        "shading":"phong",
        "doubleSided":false,
        "colorSpecular":[0.5,0.5,0.5],
        "DbgIndex":3,
        "colorEmissive":[0,0,0],
        "transparent":false,
        "depthTest":true,
        "blending":1,
        "DbgName":"Material.003",
        "depthWrite":true,
        "wireframe":false,
        "colorDiffuse":[0.202673,0.8,0.0393566]
    },{
        "DbgColor":15658496,
        "visible":true,
        "opacity":1,
        "specularCoef":50,
        "shading":"phong",
        "doubleSided":false,
        "colorSpecular":[0.5,0.5,0.5],
        "DbgIndex":4,
        "colorEmissive":[0,0,0],
        "transparent":false,
        "depthTest":true,
        "blending":1,
        "DbgName":"Material.004",
        "depthWrite":true,
        "wireframe":false,
        "colorDiffuse":[0.8,0.78337,0.00117273]
    }]
}