{
    "metadata":{
        "type":"Geometry",
        "normals":80,
        "uvs":0,
        "faces":80,
        "vertices":43,
        "materials":1,
        "version":3,
        "generator":"io_three"
    },
    "normals":[0.102381,-0.943523,0.31509,0.441038,-0.65543,0.613104,-0.268034,-0.943523,0.194736,-0.268034,-0.943523,-0.194736,0.102381,-0.943523,-0.31509,0.807793,-0.132501,0.574382,-0.0133812,-0.538638,0.842431,-0.895901,-0.30673,0.321369,-0.43222,-0.627109,-0.648012,0.436627,-0.745558,-0.503488,0.754822,-0.0677444,0.652422,-0.394087,-0.190706,0.89907,-0.805749,-0.40234,-0.434616,0.178572,-0.409184,-0.894807,0.874699,-0.241134,-0.420423,0.408946,0.661698,0.628425,-0.517338,0.48033,0.708269,-0.700224,0.661699,-0.268032,0.0385304,0.661699,-0.748779,0.899604,0.436294,-0.018965,-0.314485,0.876683,-0.364041,0.37532,0.60729,-0.700238,0.408946,0.661698,-0.628425,-0.102381,0.943523,-0.31509,-0.187594,0.794658,-0.577345,-0.4713,0.661698,-0.583122,-0.334713,0.942305,0.00528054,-0.587647,0.808086,0.0408427,-0.70862,0.652435,0.268677,0.0732825,0.961873,0.263495,0.0755913,0.633448,0.770084,0.0385305,0.661699,0.748779,-0.0822533,0.947279,0.309672,0.467072,0.755748,0.459009,0.893383,0.4487,0.0231462,0.896775,0.442153,-0.0171629,0.80181,0.195807,-0.564589,0.576851,0.323771,-0.749943,-0.0247466,0.330386,-0.943521,0.0489767,0.362578,-0.930666,-0.517118,0.481617,-0.707555,-0.904989,0.330385,-0.268032,-0.546365,0.499505,-0.672295,-0.839747,0.469345,0.27302,-0.534576,0.330387,0.777864,-0.361144,0.223204,0.905403,-0.00384532,0.447753,0.894149,0.581567,0.309557,0.752299,0.782743,0.174345,0.597426,0.898076,0.438965,0.027729,0.215781,0.186714,-0.958424,-0.0301018,-0.354552,-0.934552,0.0247466,-0.330386,-0.943521,-0.831439,0.165904,-0.530268,-0.838457,-0.241815,-0.48838,-0.889697,-0.330385,-0.315095,-0.858248,0.0620703,0.509467,-0.862538,-0.123669,0.490647,-0.574602,-0.330388,0.748784,0.533499,0.235835,0.812256,0.653207,-0.246334,0.715989,0.537112,-0.17347,0.825481,0.904256,0.42699,-0,0.999604,0.0281552,0,0.879383,-0.251276,-0.404409,0.4713,-0.661699,-0.583122,0.187594,-0.794658,-0.577345,-0.0385305,-0.661699,-0.748779,-0.408946,-0.661698,-0.628425,-0.491119,-0.794657,-0.356821,-0.724042,-0.661695,-0.194736,-0.724042,-0.661695,0.194736,-0.491119,-0.794657,0.356821,-0.408946,-0.661698,0.628425,0.600248,-0.674605,-0.429664,0.348207,-0.937418,0,0.331305,-0.943524,0,-0.0385304,-0.661699,0.748779,0.187594,-0.794658,0.577345,0.4713,-0.661699,0.583122],
    "uvs":[],
    "faces":[34,0,13,12,0,0,0,0,34,1,13,15,0,1,1,1,34,0,12,17,0,2,2,2,34,0,17,19,0,3,3,3,34,0,19,16,0,4,4,4,34,1,15,22,0,5,5,5,34,2,14,24,0,6,6,6,34,3,18,26,0,7,7,7,34,4,20,28,0,8,8,8,34,5,21,30,0,9,9,9,34,1,22,25,0,10,10,10,34,2,24,27,0,11,11,11,34,3,26,29,0,12,12,12,34,4,28,31,0,13,13,13,34,5,30,23,0,14,14,14,34,6,32,37,0,15,15,15,34,7,33,39,0,16,16,16,34,8,34,40,0,17,17,17,34,9,35,41,0,18,18,18,34,10,36,38,0,19,19,19,34,38,41,11,0,20,20,20,34,38,36,41,0,21,21,21,34,36,9,41,0,22,22,22,34,41,40,11,0,23,23,23,34,41,35,40,0,24,24,24,34,35,8,40,0,25,25,25,34,40,39,11,0,26,26,26,34,40,34,39,0,27,27,27,34,34,7,39,0,28,28,28,34,39,37,11,0,29,29,29,34,39,33,37,0,30,30,30,34,33,6,37,0,31,31,31,34,37,38,11,0,32,32,32,34,37,32,38,0,33,33,33,34,32,10,38,0,34,34,34,34,23,36,10,0,35,35,35,34,23,30,36,0,36,36,36,34,30,9,36,0,37,37,37,34,31,35,9,0,38,38,38,34,31,28,35,0,39,39,39,34,28,8,35,0,40,40,40,34,29,34,8,0,41,41,41,34,29,26,34,0,42,42,42,34,26,7,34,0,43,43,43,34,27,33,7,0,44,44,44,34,27,24,33,0,45,45,45,34,24,6,33,0,46,46,46,34,25,32,6,0,47,47,47,34,25,22,32,0,48,48,48,34,22,10,32,0,49,49,49,34,30,31,9,0,50,50,50,34,30,21,31,0,51,51,51,34,21,4,31,0,52,52,52,34,28,29,8,0,53,53,53,34,28,20,29,0,54,54,54,34,20,3,29,0,55,55,55,34,26,27,7,0,56,56,56,34,26,18,27,0,57,57,57,34,18,2,27,0,58,58,58,34,24,25,6,0,59,59,59,34,24,14,25,0,60,60,60,34,14,1,25,0,61,61,61,34,22,23,10,0,62,62,62,34,22,15,23,0,63,63,63,34,15,5,23,0,64,64,64,34,16,21,5,0,65,65,65,34,16,19,21,0,66,66,66,34,19,4,21,0,67,67,67,34,19,20,4,0,68,68,68,34,19,17,20,0,69,69,69,34,17,3,20,0,70,70,70,34,17,18,3,0,71,71,71,34,17,12,18,0,72,72,72,34,12,2,18,0,73,73,73,34,15,16,5,0,74,74,74,34,15,13,16,0,75,75,75,34,13,0,16,0,76,76,76,34,12,14,2,0,77,77,77,34,12,13,14,0,78,78,78,34,13,1,14,0,79,79,79],
    "materials":[{
        "blending":1,
        "transparent":false,
        "specularCoef":50,
        "colorDiffuse":[0.0111272,0.291984,0],
        "colorEmissive":[0,0,0],
        "shading":"phong",
        "visible":true,
        "doubleSided":false,
        "colorSpecular":[0.5,0.5,0.5],
        "depthTest":true,
        "DbgName":"Material.001",
        "DbgColor":15658734,
        "DbgIndex":0,
        "depthWrite":true,
        "opacity":1,
        "wireframe":false
    }],
    "vertices":[-0.0352824,0.0451607,0.615061,0.688325,0.597941,1.14079,-0.31167,0.597941,1.46571,-0.929709,0.597945,0.615061,-0.31167,0.597941,-0.235588,0.688325,0.597941,0.0893357,0.241106,1.49238,1.46571,-0.75889,1.49238,1.14079,-0.75889,1.49238,0.0893357,0.241106,1.49238,-0.235588,0.73635,1.42514,0.719975,-0.0352824,2.04516,0.615061,-0.197738,0.194506,1.11506,0.39004,0.194506,0.924072,0.227586,0.519423,1.42407,0.934044,0.396578,0.748764,0.39004,0.194506,0.30605,-0.561012,0.194509,0.615061,-0.723472,0.519424,1.11506,-0.197738,0.194506,0.115066,-0.723472,0.519424,0.115064,0.227586,0.519423,-0.193951,0.915775,1.04516,0.924074,0.915775,1.04516,0.306048,0.0795338,0.984725,1.71923,0.565972,1.18064,1.34285,-1.15298,1.14914,0.518726,-0.623068,1.04516,1.42408,-0.525052,0.960182,-0.44382,-0.98634,1.04516,0.306048,0.550104,0.782793,-0.304257,-0.0352824,1.04516,-0.384939,0.652907,1.5709,1.11506,-0.298151,1.5709,1.42407,-0.88593,1.5709,0.615061,-0.298151,1.5709,-0.193951,0.652907,1.5709,0.115064,0.127173,1.89582,1.11506,0.387781,2.13256,0.460071,-0.360178,1.92683,1.13738,-0.460605,1.89581,0.30605,0.127173,1.89582,0.115066,-0.460605,1.89581,0.30605]
}