{
    "uvs":[],
    "metadata":{
        "vertices":72,
        "generator":"io_three",
        "type":"Geometry",
        "materials":1,
        "uvs":0,
        "normals":55,
        "faces":70,
        "version":3
    },
    "vertices":[-3.85023,-1.75178,-1.75178,-3.85023,-1.75178,1.75178,3.85023,-1.75178,1.75178,3.85023,-1.75178,-1.75178,-3.55219,1.39988,-3.9337,-3.55218,1.39988,-0.43015,3.85023,1.75178,1.75178,3.85023,1.75178,-1.75178,-5.63949,-1.75178,-1.75178,-5.63949,-1.75178,1.75178,-5.63949,1.75178,-1.75178,-5.63949,1.75178,1.75178,-5.43658,-1.75178,-1.75178,-5.43658,-1.75178,1.75178,-5.43658,1.75178,-1.75178,-5.43658,1.75178,1.75178,-3.55219,3.82956,-3.9337,-3.55218,3.82956,-0.43015,3.85023,4.18145,-1.75178,3.85023,4.18145,1.75178,5.7339,1.75178,1.75178,5.7339,1.75178,-1.75178,5.7339,4.18145,1.75178,5.7339,4.18145,-1.75178,-3.57328,-2.36049,-3.57063,4.12718,-2.36049,-3.57063,-3.27523,0.791167,-5.75255,4.12719,1.14306,-3.57063,-3.6421,5.72093,-3.9337,-3.6421,5.72093,-0.43015,3.76032,6.07282,-1.75178,3.76032,6.07282,1.75178,-6.06368,3.71017,-3.9337,-6.06368,3.71017,-0.430147,-6.15359,5.60154,-3.9337,-6.15359,5.60154,-0.430147,-4.45831,1.39988,2.64398,2.94411,1.75178,4.8259,-4.45831,3.82956,2.64398,2.94411,4.18145,4.8259,-3.55218,3.82956,-0.43015,3.85023,4.18145,1.75178,-4.45831,3.82956,2.64398,2.94411,4.18145,4.8259,-3.55218,3.82956,-0.43015,3.85023,4.18145,1.75178,-4.45831,3.82956,2.64398,2.94411,4.18145,4.8259,-3.68548,6.8773,-0.469442,3.71693,7.22919,1.71248,-4.59161,6.8773,2.60469,2.81081,7.22919,4.78661,-3.73914,7.76228,-3.9337,-3.73914,7.76228,-0.43015,-6.25063,7.64289,-3.9337,-6.25063,7.64289,-0.430147,-2.65789,3.87207,-6.97455,4.74453,4.22396,-4.79262,-2.74781,5.76344,-6.97455,4.65462,6.11534,-4.79262,-7.45699,1.39988,-1.58112,-7.45699,3.82956,-1.58112,-8.36312,1.39988,1.493,-8.36312,3.82956,1.493,-6.15359,5.60154,-3.9337,-3.6421,5.72093,-3.9337,-6.25063,7.64289,-3.9337,-3.73914,7.76228,-3.9337,-6.15359,5.60154,-3.9337,-3.6421,5.72093,-3.9337,-6.25063,7.64289,-3.9337,-3.73914,7.76228,-3.9337],
    "normals":[-4.2139e-15,1,-6.80505e-08,-0.0436922,0.998962,-0.0128787,-0.166241,-0.986085,2.65224e-07,0.142914,-0.314112,-0.938568,-1,3.06227e-07,5.10379e-07,-0.988605,3.92994e-07,-0.150534,1.175e-06,-2.38178e-07,1,-0.49198,-0.251252,-0.833563,0.49198,0.251253,0.833563,1.3325e-07,1,-6.80505e-08,1,-6.80504e-08,-6.12454e-07,7.99595e-14,-1,6.80505e-08,-3.99798e-14,1,-6.80505e-08,-5.87501e-07,1.70126e-07,-1,-0.0474841,0.998872,2.28794e-07,1,-1.60263e-13,-1.22491e-06,4.43001e-07,4.90639e-08,1,-0.282732,5.08612e-08,0.959199,-1,2.67106e-14,5.44404e-07,-3.01464e-14,1,-6.80505e-08,-4.43001e-07,-4.90639e-08,-1,-0,-1,0,-0.142914,0.314112,0.938568,-2.82495e-08,0.948302,-0.31737,0.988997,0.00871178,0.147678,-0.0464384,-0.949386,0.310661,0.0474841,-0.998872,-4.13219e-08,0.28212,0.0134113,-0.959285,-1.24721e-06,-9.86818e-08,-1,-0.998872,-0.047484,4.75067e-07,0.998872,0.047484,-1.15678e-06,-1.24108e-06,-1.02796e-07,-1,-0.0474837,0.998872,-1.1841e-08,1.1366e-06,5.40315e-08,1,0.282732,-5.08613e-08,-0.959199,-0.282732,2.41047e-08,0.959199,0,0,0,-0.959199,-1.53091e-08,-0.282732,-0.282732,8.09255e-08,0.959199,0.0436921,-0.998962,0.0128786,-0.958203,-0.0455507,-0.282439,0.282732,-8.09255e-08,-0.959199,0.958203,0.0455507,0.282438,0.0474836,-0.998872,-5.92048e-08,-0.998872,-0.047484,1.25701e-06,0.998872,0.047484,-1.22267e-06,-0.28212,-0.0134111,0.959285,-0.958203,-0.0455506,-0.282439,0.958203,0.0455507,0.282439,0.0474841,-0.998872,-1.41171e-07,0.959199,0,0.282732,0,-1,0,1.73053e-09,1,-5.76573e-08,0.282732,-4.82094e-08,-0.959199,1.1366e-06,5.40314e-08,1],
    "faces":[35,0,1,2,3,0,0,0,0,0,35,6,5,36,37,0,1,1,1,1,35,4,5,11,10,0,2,2,2,2,35,1,5,6,2,0,3,3,3,3,35,2,6,7,3,0,4,4,4,4,35,3,7,27,25,0,5,5,5,5,35,11,9,13,15,0,6,6,6,6,35,5,1,9,11,0,7,7,7,7,35,0,4,10,8,0,8,8,8,8,35,1,0,8,9,0,9,9,9,9,35,12,14,15,13,0,10,10,10,10,35,9,8,12,13,0,11,11,11,11,35,10,11,15,14,0,12,12,12,12,35,8,10,14,12,0,13,13,13,13,35,16,18,57,56,0,14,14,14,14,35,5,4,16,17,0,15,15,15,15,35,18,7,21,23,0,16,16,16,16,35,4,7,18,16,0,17,17,17,17,35,21,20,22,23,0,18,18,18,18,35,7,6,20,21,0,19,19,19,19,35,6,19,22,20,0,20,20,20,20,35,19,18,23,22,0,21,21,21,21,35,26,24,25,27,0,22,22,22,22,35,0,3,25,24,0,23,23,23,23,35,4,0,24,26,0,24,24,24,24,35,7,4,26,27,0,25,25,25,25,35,28,30,31,29,0,26,26,26,26,35,19,17,29,31,0,27,27,27,27,35,29,17,33,35,0,28,28,28,28,35,18,19,31,30,0,29,29,29,29,35,33,32,34,35,0,30,30,30,30,35,29,35,55,53,0,31,31,31,31,35,17,16,32,33,0,32,32,32,32,35,16,28,34,32,0,33,33,33,33,35,37,36,38,39,0,34,34,34,34,35,5,17,61,60,0,35,35,35,35,35,39,38,42,43,0,36,36,36,36,35,19,6,37,39,0,37,37,37,37,35,42,40,44,46,0,36,36,36,36,35,17,19,41,40,0,36,36,36,36,35,38,17,40,42,0,36,36,36,36,35,19,39,43,41,0,36,36,36,36,35,44,45,49,48,0,38,38,38,38,35,40,41,45,44,0,36,36,36,36,35,41,43,47,45,0,36,36,36,36,35,43,42,46,47,0,36,36,36,36,35,48,49,51,50,0,39,39,39,39,35,45,47,51,49,0,40,40,40,40,35,47,46,50,51,0,41,41,41,41,35,46,44,48,50,0,42,42,42,42,35,52,53,55,54,0,43,43,43,43,35,28,29,53,52,0,44,44,44,44,35,35,34,54,55,0,45,45,45,45,35,34,28,65,64,0,36,36,36,36,35,56,57,59,58,0,46,46,46,46,35,18,30,59,57,0,47,47,47,47,35,28,16,56,58,0,48,48,48,48,35,30,28,58,59,0,49,49,49,49,35,60,61,63,62,0,50,50,50,50,35,17,38,63,61,0,51,51,51,51,35,36,5,60,62,0,52,52,52,52,35,38,36,62,63,0,53,53,53,53,35,65,67,71,69,0,36,36,36,36,35,28,52,67,65,0,36,36,36,36,35,54,34,64,66,0,36,36,36,36,35,52,54,66,67,0,36,36,36,36,35,68,69,71,70,0,54,54,54,54,35,64,65,69,68,0,36,36,36,36,35,66,64,68,70,0,36,36,36,36,35,67,66,70,71,0,36,36,36,36],
    "materials":[{
        "DbgColor":15658734,
        "visible":true,
        "opacity":1,
        "specularCoef":50,
        "shading":"phong",
        "doubleSided":false,
        "colorSpecular":[0.5,0.5,0.5],
        "DbgIndex":0,
        "colorEmissive":[0,0,0],
        "transparent":false,
        "depthTest":true,
        "blending":1,
        "DbgName":"Material",
        "depthWrite":true,
        "wireframe":false,
        "colorDiffuse":[0.64,0.0156485,0.354752]
    }]
}